advisor_id,market,territory,month,leads_assigned,leads_contacted,contact_rate,conversions,conversion_rate,avg_hours_to_first_contact
ADV-001,South Africa,KwaZulu-Natal,2026-01-01,69,48,0.706,10,0.227,3.9
ADV-001,South Africa,KwaZulu-Natal,2026-02-01,24,16,0.668,3,0.2,13.8
ADV-001,South Africa,KwaZulu-Natal,2026-03-01,39,26,0.679,5,0.22,54.9
ADV-001,South Africa,KwaZulu-Natal,2026-04-01,45,32,0.715,8,0.268,20.1
ADV-001,South Africa,KwaZulu-Natal,2026-05-01,33,24,0.746,7,0.292,41.2
ADV-001,South Africa,KwaZulu-Natal,2026-06-01,74,54,0.737,14,0.263,1.0
ADV-002,South Africa,KwaZulu-Natal,2026-01-01,65,52,0.813,9,0.189,37.7
ADV-002,South Africa,KwaZulu-Natal,2026-02-01,51,38,0.763,6,0.177,24.0
ADV-002,South Africa,KwaZulu-Natal,2026-03-01,51,37,0.743,6,0.173,41.8
ADV-002,South Africa,KwaZulu-Natal,2026-04-01,66,52,0.799,7,0.147,21.5
ADV-002,South Africa,KwaZulu-Natal,2026-05-01,39,31,0.803,5,0.163,15.2
ADV-002,South Africa,KwaZulu-Natal,2026-06-01,21,15,0.76,2,0.175,37.4
ADV-003,South Africa,Gauteng,2026-01-01,17,15,0.885,3,0.247,25.6
ADV-003,South Africa,Gauteng,2026-02-01,35,31,0.911,7,0.252,54.9
ADV-003,South Africa,Gauteng,2026-03-01,39,36,0.945,9,0.257,51.8
ADV-003,South Africa,Gauteng,2026-04-01,56,49,0.877,10,0.213,22.7
ADV-003,South Africa,Gauteng,2026-05-01,34,28,0.845,7,0.266,59.8
ADV-003,South Africa,Gauteng,2026-06-01,36,32,0.907,6,0.214,1.6
ADV-004,South Africa,Eastern Cape,2026-01-01,58,47,0.815,16,0.347,63.1
ADV-004,South Africa,Eastern Cape,2026-02-01,63,50,0.798,16,0.326,4.5
ADV-004,South Africa,Eastern Cape,2026-03-01,71,59,0.831,20,0.35,91.6
ADV-004,South Africa,Eastern Cape,2026-04-01,46,37,0.807,13,0.359,41.7
ADV-004,South Africa,Eastern Cape,2026-05-01,73,56,0.775,18,0.333,7.5
ADV-004,South Africa,Eastern Cape,2026-06-01,24,19,0.81,6,0.333,37.1
ADV-005,South Africa,Gauteng,2026-01-01,20,16,0.849,4,0.299,47.5
ADV-005,South Africa,Gauteng,2026-02-01,74,58,0.785,16,0.278,32.8
ADV-005,South Africa,Gauteng,2026-03-01,44,35,0.802,10,0.293,31.5
ADV-005,South Africa,Gauteng,2026-04-01,28,23,0.857,6,0.297,1.0
ADV-005,South Africa,Gauteng,2026-05-01,20,16,0.804,4,0.26,21.9
ADV-005,South Africa,Gauteng,2026-06-01,46,37,0.819,9,0.267,38.7
ADV-006,South Africa,Gauteng,2026-01-01,22,15,0.703,3,0.24,42.5
ADV-006,South Africa,Gauteng,2026-02-01,52,33,0.647,8,0.268,52.7
ADV-006,South Africa,Gauteng,2026-03-01,42,25,0.617,5,0.235,1.0
ADV-006,South Africa,Gauteng,2026-04-01,39,26,0.668,7,0.274,1.0
ADV-006,South Africa,Gauteng,2026-05-01,79,54,0.685,14,0.271,70.5
ADV-006,South Africa,Gauteng,2026-06-01,49,34,0.697,8,0.258,1.0
ADV-007,Lesotho,Maseru,2026-01-01,59,47,0.809,6,0.132,41.2
ADV-007,Lesotho,Maseru,2026-02-01,61,49,0.804,6,0.126,5.3
ADV-007,Lesotho,Maseru,2026-03-01,15,11,0.791,1,0.106,39.2
ADV-007,Lesotho,Maseru,2026-04-01,18,14,0.807,1,0.12,24.2
ADV-007,Lesotho,Maseru,2026-05-01,70,51,0.739,5,0.099,18.5
ADV-007,Lesotho,Maseru,2026-06-01,39,29,0.751,4,0.143,15.5
ADV-008,South Africa,Gauteng,2026-01-01,68,43,0.632,10,0.236,9.8
ADV-008,South Africa,Gauteng,2026-02-01,50,28,0.577,6,0.227,12.5
ADV-008,South Africa,Gauteng,2026-03-01,63,36,0.58,7,0.22,45.3
ADV-008,South Africa,Gauteng,2026-04-01,49,30,0.625,6,0.207,58.3
ADV-008,South Africa,Gauteng,2026-05-01,74,43,0.592,7,0.174,35.8
ADV-008,South Africa,Gauteng,2026-06-01,30,18,0.605,4,0.236,7.7
ADV-009,Lesotho,Maseru,2026-01-01,72,52,0.734,18,0.364,14.4
ADV-009,Lesotho,Maseru,2026-02-01,47,34,0.739,11,0.324,24.2
ADV-009,Lesotho,Maseru,2026-03-01,54,37,0.687,11,0.313,1.0
ADV-009,Lesotho,Maseru,2026-04-01,20,14,0.729,5,0.36,4.6
ADV-009,Lesotho,Maseru,2026-05-01,15,9,0.663,2,0.302,46.6
ADV-009,Lesotho,Maseru,2026-06-01,64,43,0.686,13,0.321,21.0
ADV-010,South Africa,Gauteng,2026-01-01,28,22,0.797,3,0.158,37.8
ADV-010,South Africa,Gauteng,2026-02-01,57,45,0.801,9,0.214,34.5
ADV-010,South Africa,Gauteng,2026-03-01,72,56,0.784,12,0.216,22.5
ADV-010,South Africa,Gauteng,2026-04-01,56,46,0.835,8,0.178,12.8
ADV-010,South Africa,Gauteng,2026-05-01,66,53,0.816,12,0.232,17.2
ADV-010,South Africa,Gauteng,2026-06-01,41,33,0.825,6,0.195,60.8
ADV-011,South Africa,Western Cape,2026-01-01,79,73,0.936,24,0.336,29.4
ADV-011,South Africa,Western Cape,2026-02-01,54,46,0.862,15,0.346,37.1
ADV-011,South Africa,Western Cape,2026-03-01,32,30,0.957,9,0.323,47.2
ADV-011,South Africa,Western Cape,2026-04-01,15,14,0.937,5,0.385,28.7
ADV-011,South Africa,Western Cape,2026-05-01,36,31,0.881,11,0.356,36.0
ADV-011,South Africa,Western Cape,2026-06-01,65,60,0.938,23,0.398,41.9
ADV-012,Lesotho,Maseru,2026-01-01,64,31,0.499,8,0.265,32.2
ADV-012,Lesotho,Maseru,2026-02-01,30,17,0.583,5,0.317,19.5
ADV-012,Lesotho,Maseru,2026-03-01,29,16,0.566,4,0.271,9.0
ADV-012,Lesotho,Maseru,2026-04-01,37,20,0.555,4,0.248,40.9
ADV-012,Lesotho,Maseru,2026-05-01,48,26,0.551,7,0.295,43.7
ADV-012,Lesotho,Maseru,2026-06-01,18,11,0.612,3,0.294,29.9
ADV-013,South Africa,Eastern Cape,2026-01-01,24,15,0.646,2,0.195,28.7
ADV-013,South Africa,Eastern Cape,2026-02-01,34,20,0.591,2,0.137,1.0
ADV-013,South Africa,Eastern Cape,2026-03-01,44,26,0.604,5,0.206,46.4
ADV-013,South Africa,Eastern Cape,2026-04-01,33,23,0.711,4,0.192,21.7
ADV-013,South Africa,Eastern Cape,2026-05-01,62,43,0.703,9,0.219,48.8
ADV-013,South Africa,Eastern Cape,2026-06-01,40,25,0.63,5,0.207,23.8
ADV-014,Botswana,Gaborone,2026-01-01,31,29,0.956,9,0.326,19.6
ADV-014,Botswana,Gaborone,2026-02-01,52,44,0.862,14,0.34,59.9
ADV-014,Botswana,Gaborone,2026-03-01,26,22,0.871,6,0.306,40.4
ADV-014,Botswana,Gaborone,2026-04-01,77,67,0.873,21,0.314,41.6
ADV-014,Botswana,Gaborone,2026-05-01,60,54,0.903,16,0.304,29.3
ADV-014,Botswana,Gaborone,2026-06-01,34,30,0.911,9,0.313,12.5
ADV-015,Botswana,Francistown,2026-01-01,56,36,0.644,7,0.201,33.8
ADV-015,Botswana,Francistown,2026-02-01,60,39,0.651,9,0.244,44.5
ADV-015,Botswana,Francistown,2026-03-01,68,41,0.61,10,0.253,27.8
ADV-015,Botswana,Francistown,2026-04-01,77,49,0.642,12,0.248,40.6
ADV-015,Botswana,Francistown,2026-05-01,72,49,0.683,13,0.269,56.8
ADV-015,Botswana,Francistown,2026-06-01,25,16,0.646,3,0.233,23.1
ADV-016,South Africa,Western Cape,2026-01-01,68,50,0.75,12,0.251,34.6
ADV-016,South Africa,Western Cape,2026-02-01,24,19,0.809,5,0.308,28.8
ADV-016,South Africa,Western Cape,2026-03-01,36,28,0.782,9,0.327,29.4
ADV-016,South Africa,Western Cape,2026-04-01,15,11,0.777,3,0.277,59.8
ADV-016,South Africa,Western Cape,2026-05-01,50,38,0.775,11,0.309,13.9
ADV-016,South Africa,Western Cape,2026-06-01,21,17,0.832,5,0.296,32.3
ADV-017,Lesotho,Berea,2026-01-01,27,16,0.617,3,0.224,51.5
ADV-017,Lesotho,Berea,2026-02-01,78,46,0.59,9,0.201,37.6
ADV-017,Lesotho,Berea,2026-03-01,67,40,0.599,10,0.256,23.7
ADV-017,Lesotho,Berea,2026-04-01,79,50,0.64,11,0.239,30.5
ADV-017,Lesotho,Berea,2026-05-01,56,35,0.632,7,0.226,44.1
ADV-017,Lesotho,Berea,2026-06-01,45,27,0.622,5,0.208,21.6
ADV-018,Lesotho,Berea,2026-01-01,38,29,0.787,7,0.26,37.2
ADV-018,Lesotho,Berea,2026-02-01,77,61,0.803,16,0.267,31.9
ADV-018,Lesotho,Berea,2026-03-01,42,32,0.765,8,0.274,36.3
ADV-018,Lesotho,Berea,2026-04-01,31,22,0.738,6,0.307,4.0
ADV-018,Lesotho,Berea,2026-05-01,71,54,0.766,11,0.218,13.0
ADV-018,Lesotho,Berea,2026-06-01,34,27,0.803,7,0.277,28.7
ADV-019,South Africa,Western Cape,2026-01-01,71,63,0.893,13,0.215,75.0
ADV-019,South Africa,Western Cape,2026-02-01,47,40,0.868,8,0.225,12.3
ADV-019,South Africa,Western Cape,2026-03-01,23,19,0.839,4,0.211,58.6
ADV-019,South Africa,Western Cape,2026-04-01,49,45,0.939,9,0.22,17.6
ADV-019,South Africa,Western Cape,2026-05-01,24,21,0.912,4,0.227,70.3
ADV-019,South Africa,Western Cape,2026-06-01,72,66,0.925,15,0.234,72.6
ADV-020,South Africa,Eastern Cape,2026-01-01,35,21,0.609,5,0.264,37.5
ADV-020,South Africa,Eastern Cape,2026-02-01,63,38,0.608,10,0.266,1.0
ADV-020,South Africa,Eastern Cape,2026-03-01,73,44,0.604,12,0.289,40.1
ADV-020,South Africa,Eastern Cape,2026-04-01,17,9,0.561,2,0.298,18.5
ADV-020,South Africa,Eastern Cape,2026-05-01,26,15,0.586,3,0.216,49.2
ADV-020,South Africa,Eastern Cape,2026-06-01,23,14,0.61,3,0.275,36.4
ADV-021,Namibia,Swakopmund,2026-01-01,32,26,0.826,8,0.326,65.7
ADV-021,Namibia,Swakopmund,2026-02-01,58,46,0.801,14,0.311,60.8
ADV-021,Namibia,Swakopmund,2026-03-01,36,27,0.768,8,0.303,60.7
ADV-021,Namibia,Swakopmund,2026-04-01,71,53,0.759,15,0.3,41.1
ADV-021,Namibia,Swakopmund,2026-05-01,78,57,0.733,15,0.265,78.9
ADV-021,Namibia,Swakopmund,2026-06-01,60,42,0.706,8,0.196,46.4
ADV-022,South Africa,Eastern Cape,2026-01-01,37,22,0.602,7,0.324,11.4
ADV-022,South Africa,Eastern Cape,2026-02-01,58,33,0.573,10,0.326,46.1
ADV-022,South Africa,Eastern Cape,2026-03-01,52,32,0.632,10,0.344,34.0
ADV-022,South Africa,Eastern Cape,2026-04-01,56,36,0.646,11,0.316,45.5
ADV-022,South Africa,Eastern Cape,2026-05-01,53,28,0.534,7,0.284,24.8
ADV-022,South Africa,Eastern Cape,2026-06-01,43,23,0.548,6,0.303,39.1
ADV-023,Lesotho,Berea,2026-01-01,16,12,0.798,2,0.234,32.3
ADV-023,Lesotho,Berea,2026-02-01,52,40,0.786,9,0.236,8.4
ADV-023,Lesotho,Berea,2026-03-01,45,33,0.743,7,0.222,17.1
ADV-023,Lesotho,Berea,2026-04-01,75,57,0.766,10,0.186,58.2
ADV-023,Lesotho,Berea,2026-05-01,39,29,0.755,6,0.223,20.1
ADV-023,Lesotho,Berea,2026-06-01,73,56,0.779,8,0.149,44.3
ADV-024,South Africa,Western Cape,2026-01-01,22,17,0.776,4,0.289,30.8
ADV-024,South Africa,Western Cape,2026-02-01,71,49,0.696,14,0.301,35.6
ADV-024,South Africa,Western Cape,2026-03-01,65,47,0.727,15,0.332,41.4
ADV-024,South Africa,Western Cape,2026-04-01,24,17,0.72,5,0.349,33.1
ADV-024,South Africa,Western Cape,2026-05-01,21,13,0.666,3,0.279,39.2
ADV-024,South Africa,Western Cape,2026-06-01,68,42,0.628,13,0.331,14.4
ADV-025,South Africa,Gauteng,2026-01-01,39,32,0.832,5,0.178,14.7
ADV-025,South Africa,Gauteng,2026-02-01,48,38,0.798,5,0.156,34.3
ADV-025,South Africa,Gauteng,2026-03-01,47,38,0.819,5,0.136,40.7
ADV-025,South Africa,Gauteng,2026-04-01,76,61,0.805,10,0.171,24.4
ADV-025,South Africa,Gauteng,2026-05-01,38,31,0.822,4,0.146,13.7
ADV-025,South Africa,Gauteng,2026-06-01,59,50,0.849,8,0.166,24.1
ADV-026,South Africa,Eastern Cape,2026-01-01,64,54,0.859,11,0.217,44.2
ADV-026,South Africa,Eastern Cape,2026-02-01,40,30,0.759,5,0.188,38.4
ADV-026,South Africa,Eastern Cape,2026-03-01,61,46,0.767,10,0.226,11.4
ADV-026,South Africa,Eastern Cape,2026-04-01,28,23,0.831,5,0.259,63.8
ADV-026,South Africa,Eastern Cape,2026-05-01,58,45,0.782,8,0.195,6.5
ADV-026,South Africa,Eastern Cape,2026-06-01,64,53,0.832,11,0.226,30.0
ADV-027,South Africa,Eastern Cape,2026-01-01,56,46,0.835,8,0.184,1.0
ADV-027,South Africa,Eastern Cape,2026-02-01,20,15,0.797,1,0.13,11.1
ADV-027,South Africa,Eastern Cape,2026-03-01,18,14,0.778,1,0.128,55.1
ADV-027,South Africa,Eastern Cape,2026-04-01,18,14,0.789,1,0.118,30.3
ADV-027,South Africa,Eastern Cape,2026-05-01,15,12,0.813,2,0.169,24.9
ADV-027,South Africa,Eastern Cape,2026-06-01,55,48,0.878,6,0.131,55.0
ADV-028,Namibia,Swakopmund,2026-01-01,42,38,0.927,5,0.134,69.9
ADV-028,Namibia,Swakopmund,2026-02-01,56,46,0.827,4,0.108,56.7
ADV-028,Namibia,Swakopmund,2026-03-01,28,24,0.87,2,0.119,56.3
ADV-028,Namibia,Swakopmund,2026-04-01,35,27,0.785,1,0.065,57.8
ADV-028,Namibia,Swakopmund,2026-05-01,32,27,0.85,1,0.069,62.9
ADV-028,Namibia,Swakopmund,2026-06-01,58,44,0.771,3,0.069,37.8
ADV-029,Botswana,Gaborone,2026-01-01,34,22,0.648,2,0.114,43.2
ADV-029,Botswana,Gaborone,2026-02-01,61,40,0.656,4,0.107,38.5
ADV-029,Botswana,Gaborone,2026-03-01,73,49,0.673,6,0.132,27.5
ADV-029,Botswana,Gaborone,2026-04-01,26,17,0.681,2,0.131,14.4
ADV-029,Botswana,Gaborone,2026-05-01,76,50,0.67,6,0.125,33.4
ADV-029,Botswana,Gaborone,2026-06-01,23,16,0.713,2,0.167,24.3
ADV-030,Botswana,Francistown,2026-01-01,76,45,0.602,11,0.246,49.5
ADV-030,Botswana,Francistown,2026-02-01,39,24,0.62,4,0.206,38.9
ADV-030,Botswana,Francistown,2026-03-01,21,12,0.612,2,0.236,68.3
ADV-030,Botswana,Francistown,2026-04-01,38,22,0.581,5,0.252,41.8
ADV-030,Botswana,Francistown,2026-05-01,65,35,0.545,7,0.222,28.8
ADV-030,Botswana,Francistown,2026-06-01,50,30,0.612,7,0.256,43.2
ADV-031,Botswana,Francistown,2026-01-01,27,15,0.559,3,0.211,1.0
ADV-031,Botswana,Francistown,2026-02-01,76,45,0.601,9,0.202,63.9
ADV-031,Botswana,Francistown,2026-03-01,69,41,0.598,8,0.203,28.0
ADV-031,Botswana,Francistown,2026-04-01,54,30,0.562,6,0.205,14.5
ADV-031,Botswana,Francistown,2026-05-01,16,9,0.6,1,0.191,32.7
ADV-031,Botswana,Francistown,2026-06-01,22,12,0.589,2,0.19,53.3
ADV-032,South Africa,KwaZulu-Natal,2026-01-01,25,17,0.698,2,0.168,20.1
ADV-032,South Africa,KwaZulu-Natal,2026-02-01,15,10,0.674,0,0.078,14.7
ADV-032,South Africa,KwaZulu-Natal,2026-03-01,31,21,0.696,2,0.101,23.3
ADV-032,South Africa,KwaZulu-Natal,2026-04-01,41,28,0.695,3,0.123,34.0
ADV-032,South Africa,KwaZulu-Natal,2026-05-01,61,45,0.738,7,0.169,15.1
ADV-032,South Africa,KwaZulu-Natal,2026-06-01,20,12,0.639,1,0.101,30.3
ADV-033,Namibia,Windhoek,2026-01-01,69,46,0.669,13,0.291,22.5
ADV-033,Namibia,Windhoek,2026-02-01,48,31,0.667,9,0.305,43.1
ADV-033,Namibia,Windhoek,2026-03-01,42,26,0.627,8,0.321,24.0
ADV-033,Namibia,Windhoek,2026-04-01,77,51,0.671,16,0.324,44.8
ADV-033,Namibia,Windhoek,2026-05-01,59,40,0.694,12,0.315,27.7
ADV-033,Namibia,Windhoek,2026-06-01,45,30,0.675,10,0.343,31.1
ADV-034,South Africa,KwaZulu-Natal,2026-01-01,53,34,0.654,7,0.209,48.3
ADV-034,South Africa,KwaZulu-Natal,2026-02-01,61,39,0.643,8,0.217,19.1
ADV-034,South Africa,KwaZulu-Natal,2026-03-01,77,44,0.584,8,0.197,34.5
ADV-034,South Africa,KwaZulu-Natal,2026-04-01,27,17,0.636,3,0.221,19.8
ADV-034,South Africa,KwaZulu-Natal,2026-05-01,50,32,0.653,7,0.227,15.5
ADV-034,South Africa,KwaZulu-Natal,2026-06-01,33,22,0.667,5,0.228,48.9
ADV-035,South Africa,Gauteng,2026-01-01,15,8,0.588,2,0.327,49.3
ADV-035,South Africa,Gauteng,2026-02-01,53,33,0.633,11,0.34,45.1
ADV-035,South Africa,Gauteng,2026-03-01,31,16,0.534,5,0.33,39.2
ADV-035,South Africa,Gauteng,2026-04-01,59,29,0.499,9,0.344,1.0
ADV-035,South Africa,Gauteng,2026-05-01,23,12,0.533,4,0.34,25.5
ADV-035,South Africa,Gauteng,2026-06-01,70,42,0.607,13,0.325,32.3
ADV-036,South Africa,KwaZulu-Natal,2026-01-01,62,41,0.664,14,0.345,27.2
ADV-036,South Africa,KwaZulu-Natal,2026-02-01,58,37,0.652,15,0.407,20.4
ADV-036,South Africa,KwaZulu-Natal,2026-03-01,35,23,0.681,6,0.303,21.1
ADV-036,South Africa,KwaZulu-Natal,2026-04-01,56,35,0.626,11,0.331,25.4
ADV-036,South Africa,KwaZulu-Natal,2026-05-01,70,42,0.606,15,0.358,67.6
ADV-036,South Africa,KwaZulu-Natal,2026-06-01,22,12,0.573,4,0.352,34.9
ADV-037,South Africa,Eastern Cape,2026-01-01,76,68,0.898,11,0.171,7.0
ADV-037,South Africa,Eastern Cape,2026-02-01,76,64,0.852,10,0.164,43.6
ADV-037,South Africa,Eastern Cape,2026-03-01,72,68,0.945,12,0.188,44.8
ADV-037,South Africa,Eastern Cape,2026-04-01,35,29,0.857,3,0.122,21.3
ADV-037,South Africa,Eastern Cape,2026-05-01,49,43,0.88,7,0.179,18.4
ADV-037,South Africa,Eastern Cape,2026-06-01,64,58,0.918,10,0.181,43.9
ADV-038,South Africa,Eastern Cape,2026-01-01,25,17,0.684,3,0.192,6.7
ADV-038,South Africa,Eastern Cape,2026-02-01,71,49,0.692,9,0.185,46.6
ADV-038,South Africa,Eastern Cape,2026-03-01,31,19,0.642,2,0.146,21.4
ADV-038,South Africa,Eastern Cape,2026-04-01,75,53,0.717,9,0.171,15.0
ADV-038,South Africa,Eastern Cape,2026-05-01,28,18,0.668,3,0.185,30.0
ADV-038,South Africa,Eastern Cape,2026-06-01,15,10,0.691,2,0.223,37.1
ADV-039,South Africa,Gauteng,2026-01-01,58,46,0.807,10,0.238,14.4
ADV-039,South Africa,Gauteng,2026-02-01,65,47,0.734,9,0.199,40.8
ADV-039,South Africa,Gauteng,2026-03-01,31,26,0.846,5,0.23,10.5
ADV-039,South Africa,Gauteng,2026-04-01,24,17,0.743,4,0.244,25.3
ADV-039,South Africa,Gauteng,2026-05-01,73,58,0.804,11,0.191,29.7
ADV-039,South Africa,Gauteng,2026-06-01,43,32,0.751,8,0.274,58.5
ADV-040,South Africa,Eastern Cape,2026-01-01,64,49,0.78,15,0.323,1.0
ADV-040,South Africa,Eastern Cape,2026-02-01,21,16,0.799,5,0.338,45.8
ADV-040,South Africa,Eastern Cape,2026-03-01,77,60,0.779,22,0.371,12.8
ADV-040,South Africa,Eastern Cape,2026-04-01,52,40,0.787,13,0.326,19.4
ADV-040,South Africa,Eastern Cape,2026-05-01,52,40,0.783,13,0.343,19.4
ADV-040,South Africa,Eastern Cape,2026-06-01,40,33,0.841,10,0.318,12.4
ADV-041,Namibia,Swakopmund,2026-01-01,58,36,0.637,10,0.292,19.6
ADV-041,Namibia,Swakopmund,2026-02-01,22,14,0.652,3,0.281,33.2
ADV-041,Namibia,Swakopmund,2026-03-01,60,37,0.627,10,0.293,33.5
ADV-041,Namibia,Swakopmund,2026-04-01,22,14,0.655,3,0.27,103.1
ADV-041,Namibia,Swakopmund,2026-05-01,74,49,0.671,11,0.242,50.1
ADV-041,Namibia,Swakopmund,2026-06-01,38,23,0.61,4,0.2,70.7
ADV-042,South Africa,Eastern Cape,2026-01-01,38,33,0.876,7,0.237,19.9
ADV-042,South Africa,Eastern Cape,2026-02-01,20,18,0.943,4,0.259,16.5
ADV-042,South Africa,Eastern Cape,2026-03-01,40,36,0.908,9,0.253,1.0
ADV-042,South Africa,Eastern Cape,2026-04-01,17,15,0.904,3,0.231,62.2
ADV-042,South Africa,Eastern Cape,2026-05-01,68,63,0.938,19,0.304,42.0
ADV-042,South Africa,Eastern Cape,2026-06-01,45,38,0.859,8,0.228,5.5
ADV-043,Botswana,Gaborone,2026-01-01,50,41,0.822,11,0.273,31.2
ADV-043,Botswana,Gaborone,2026-02-01,67,55,0.834,18,0.329,26.9
ADV-043,Botswana,Gaborone,2026-03-01,65,53,0.816,15,0.289,16.1
ADV-043,Botswana,Gaborone,2026-04-01,46,39,0.869,11,0.294,3.7
ADV-043,Botswana,Gaborone,2026-05-01,62,52,0.841,16,0.325,39.9
ADV-043,Botswana,Gaborone,2026-06-01,63,51,0.824,16,0.319,35.8
ADV-044,Namibia,Swakopmund,2026-01-01,27,15,0.583,2,0.156,22.3
ADV-044,Namibia,Swakopmund,2026-02-01,20,11,0.59,1,0.107,54.4
ADV-044,Namibia,Swakopmund,2026-03-01,26,14,0.563,1,0.082,62.1
ADV-044,Namibia,Swakopmund,2026-04-01,73,40,0.553,3,0.093,105.8
ADV-044,Namibia,Swakopmund,2026-05-01,37,19,0.53,0,0.052,60.3
ADV-044,Namibia,Swakopmund,2026-06-01,47,24,0.512,1,0.063,102.2
ADV-045,South Africa,KwaZulu-Natal,2026-01-01,18,11,0.621,2,0.24,34.5
ADV-045,South Africa,KwaZulu-Natal,2026-02-01,39,23,0.603,4,0.2,1.0
ADV-045,South Africa,KwaZulu-Natal,2026-03-01,24,15,0.648,3,0.223,45.3
ADV-045,South Africa,KwaZulu-Natal,2026-04-01,68,46,0.678,11,0.257,29.9
ADV-045,South Africa,KwaZulu-Natal,2026-05-01,63,37,0.598,7,0.213,62.0
ADV-045,South Africa,KwaZulu-Natal,2026-06-01,45,28,0.622,5,0.185,30.4
ADV-046,Lesotho,Berea,2026-01-01,47,41,0.889,7,0.193,30.7
ADV-046,Lesotho,Berea,2026-02-01,29,25,0.878,5,0.232,46.2
ADV-046,Lesotho,Berea,2026-03-01,65,57,0.881,13,0.241,23.6
ADV-046,Lesotho,Berea,2026-04-01,45,38,0.866,9,0.238,1.0
ADV-046,Lesotho,Berea,2026-05-01,21,18,0.897,4,0.229,34.4
ADV-046,Lesotho,Berea,2026-06-01,19,17,0.901,3,0.189,1.0
ADV-047,Lesotho,Maseru,2026-01-01,74,64,0.877,8,0.14,18.9
ADV-047,Lesotho,Maseru,2026-02-01,39,36,0.947,8,0.225,38.1
ADV-047,Lesotho,Maseru,2026-03-01,20,16,0.849,2,0.159,40.5
ADV-047,Lesotho,Maseru,2026-04-01,24,19,0.828,3,0.171,9.8
ADV-047,Lesotho,Maseru,2026-05-01,75,66,0.884,13,0.203,32.1
ADV-047,Lesotho,Maseru,2026-06-01,78,73,0.939,13,0.188,11.2
ADV-048,South Africa,KwaZulu-Natal,2026-01-01,59,40,0.687,9,0.239,49.6
ADV-048,South Africa,KwaZulu-Natal,2026-02-01,79,48,0.615,10,0.227,1.0
ADV-048,South Africa,KwaZulu-Natal,2026-03-01,62,36,0.591,8,0.226,36.6
ADV-048,South Africa,KwaZulu-Natal,2026-04-01,79,55,0.697,10,0.196,40.4
ADV-048,South Africa,KwaZulu-Natal,2026-05-01,71,48,0.682,9,0.198,45.7
ADV-048,South Africa,KwaZulu-Natal,2026-06-01,77,50,0.662,10,0.202,33.6
ADV-049,Namibia,Swakopmund,2026-01-01,30,18,0.623,5,0.32,50.8
ADV-049,Namibia,Swakopmund,2026-02-01,58,36,0.624,10,0.285,56.5
ADV-049,Namibia,Swakopmund,2026-03-01,43,26,0.624,6,0.249,48.2
ADV-049,Namibia,Swakopmund,2026-04-01,24,13,0.555,3,0.236,35.9
ADV-049,Namibia,Swakopmund,2026-05-01,61,35,0.577,6,0.175,33.5
ADV-049,Namibia,Swakopmund,2026-06-01,34,19,0.559,3,0.198,45.7
ADV-050,South Africa,Western Cape,2026-01-01,70,65,0.942,12,0.189,27.9
ADV-050,South Africa,Western Cape,2026-02-01,35,30,0.873,7,0.234,33.0
ADV-050,South Africa,Western Cape,2026-03-01,53,46,0.883,8,0.193,55.5
ADV-050,South Africa,Western Cape,2026-04-01,20,18,0.905,3,0.2,22.6
ADV-050,South Africa,Western Cape,2026-05-01,16,14,0.903,3,0.227,28.0
ADV-050,South Africa,Western Cape,2026-06-01,59,51,0.877,9,0.196,63.6
ADV-051,Botswana,Gaborone,2026-01-01,79,75,0.951,18,0.25,21.2
ADV-051,Botswana,Gaborone,2026-02-01,64,61,0.958,15,0.253,33.7
ADV-051,Botswana,Gaborone,2026-03-01,67,60,0.902,11,0.193,19.5
ADV-051,Botswana,Gaborone,2026-04-01,39,36,0.938,7,0.199,40.5
ADV-051,Botswana,Gaborone,2026-05-01,62,54,0.882,12,0.234,10.5
ADV-051,Botswana,Gaborone,2026-06-01,50,45,0.903,12,0.269,42.2
ADV-052,Lesotho,Berea,2026-01-01,33,22,0.681,4,0.209,43.2
ADV-052,Lesotho,Berea,2026-02-01,49,34,0.695,7,0.214,36.6
ADV-052,Lesotho,Berea,2026-03-01,41,27,0.674,5,0.197,12.0
ADV-052,Lesotho,Berea,2026-04-01,59,40,0.68,8,0.201,35.0
ADV-052,Lesotho,Berea,2026-05-01,43,29,0.686,6,0.235,20.9
ADV-052,Lesotho,Berea,2026-06-01,69,47,0.686,9,0.202,22.9
ADV-053,South Africa,Western Cape,2026-01-01,24,15,0.658,1,0.1,47.7
ADV-053,South Africa,Western Cape,2026-02-01,32,20,0.655,2,0.135,25.8
ADV-053,South Africa,Western Cape,2026-03-01,66,43,0.66,5,0.123,6.7
ADV-053,South Africa,Western Cape,2026-04-01,36,22,0.63,2,0.096,23.0
ADV-053,South Africa,Western Cape,2026-05-01,15,10,0.671,1,0.122,35.4
ADV-053,South Africa,Western Cape,2026-06-01,18,11,0.652,0,0.087,44.5
ADV-054,South Africa,Western Cape,2026-01-01,63,54,0.868,6,0.118,32.2
ADV-054,South Africa,Western Cape,2026-02-01,47,39,0.839,5,0.142,32.4
ADV-054,South Africa,Western Cape,2026-03-01,21,19,0.912,1,0.094,57.0
ADV-054,South Africa,Western Cape,2026-04-01,16,14,0.924,2,0.151,17.5
ADV-054,South Africa,Western Cape,2026-05-01,20,18,0.924,2,0.132,33.9
ADV-054,South Africa,Western Cape,2026-06-01,18,15,0.853,1,0.1,48.6
ADV-055,South Africa,KwaZulu-Natal,2026-01-01,25,15,0.608,2,0.173,29.0
ADV-055,South Africa,KwaZulu-Natal,2026-02-01,68,45,0.674,9,0.21,58.7
ADV-055,South Africa,KwaZulu-Natal,2026-03-01,78,43,0.555,6,0.145,26.0
ADV-055,South Africa,KwaZulu-Natal,2026-04-01,30,16,0.56,3,0.188,67.8
ADV-055,South Africa,KwaZulu-Natal,2026-05-01,26,15,0.584,2,0.138,60.7
ADV-055,South Africa,KwaZulu-Natal,2026-06-01,53,34,0.645,5,0.158,29.1
ADV-056,Botswana,Gaborone,2026-01-01,28,15,0.551,2,0.172,41.0
ADV-056,Botswana,Gaborone,2026-02-01,25,15,0.624,2,0.158,29.7
ADV-056,Botswana,Gaborone,2026-03-01,76,38,0.512,5,0.143,47.2
ADV-056,Botswana,Gaborone,2026-04-01,72,42,0.586,6,0.164,20.1
ADV-056,Botswana,Gaborone,2026-05-01,59,34,0.584,5,0.175,46.5
ADV-056,Botswana,Gaborone,2026-06-01,40,21,0.535,3,0.144,45.2
ADV-057,Lesotho,Berea,2026-01-01,72,62,0.866,7,0.126,40.4
ADV-057,Lesotho,Berea,2026-02-01,20,17,0.893,2,0.166,6.6
ADV-057,Lesotho,Berea,2026-03-01,70,60,0.865,10,0.17,35.6
ADV-057,Lesotho,Berea,2026-04-01,42,37,0.891,5,0.136,34.0
ADV-057,Lesotho,Berea,2026-05-01,25,21,0.879,3,0.19,58.9
ADV-057,Lesotho,Berea,2026-06-01,23,20,0.911,3,0.161,5.8
ADV-058,Lesotho,Maseru,2026-01-01,71,47,0.668,8,0.184,39.9
ADV-058,Lesotho,Maseru,2026-02-01,45,32,0.733,5,0.163,37.3
ADV-058,Lesotho,Maseru,2026-03-01,69,53,0.779,8,0.169,29.8
ADV-058,Lesotho,Maseru,2026-04-01,33,23,0.713,3,0.137,39.4
ADV-058,Lesotho,Maseru,2026-05-01,70,51,0.742,7,0.142,18.7
ADV-058,Lesotho,Maseru,2026-06-01,35,25,0.716,3,0.158,49.5
ADV-059,South Africa,Eastern Cape,2026-01-01,52,29,0.566,6,0.239,26.1
ADV-059,South Africa,Eastern Cape,2026-02-01,50,31,0.621,6,0.209,43.8
ADV-059,South Africa,Eastern Cape,2026-03-01,28,17,0.64,2,0.173,39.3
ADV-059,South Africa,Eastern Cape,2026-04-01,66,39,0.604,8,0.216,25.1
ADV-059,South Africa,Eastern Cape,2026-05-01,35,22,0.646,4,0.22,15.8
ADV-059,South Africa,Eastern Cape,2026-06-01,78,47,0.615,10,0.231,22.3
ADV-060,South Africa,Eastern Cape,2026-01-01,75,63,0.845,19,0.304,29.0
ADV-060,South Africa,Eastern Cape,2026-02-01,79,66,0.845,16,0.254,25.3
ADV-060,South Africa,Eastern Cape,2026-03-01,18,13,0.752,3,0.259,1.0
ADV-060,South Africa,Eastern Cape,2026-04-01,62,55,0.89,14,0.27,17.1
ADV-060,South Africa,Eastern Cape,2026-05-01,66,52,0.802,14,0.277,47.7
ADV-060,South Africa,Eastern Cape,2026-06-01,39,32,0.84,8,0.27,1.0
ADV-061,Lesotho,Berea,2026-01-01,41,38,0.942,9,0.244,17.0
ADV-061,Lesotho,Berea,2026-02-01,51,44,0.882,11,0.262,18.9
ADV-061,Lesotho,Berea,2026-03-01,76,67,0.89,18,0.283,31.5
ADV-061,Lesotho,Berea,2026-04-01,69,61,0.896,18,0.299,25.8
ADV-061,Lesotho,Berea,2026-05-01,23,20,0.911,4,0.237,34.6
ADV-061,Lesotho,Berea,2026-06-01,15,13,0.878,3,0.28,76.6
ADV-062,Lesotho,Berea,2026-01-01,47,37,0.797,5,0.148,5.2
ADV-062,Lesotho,Berea,2026-02-01,56,43,0.777,7,0.171,61.1
ADV-062,Lesotho,Berea,2026-03-01,28,21,0.759,3,0.149,64.4
ADV-062,Lesotho,Berea,2026-04-01,46,36,0.796,5,0.166,40.0
ADV-062,Lesotho,Berea,2026-05-01,34,27,0.799,5,0.194,31.0
ADV-062,Lesotho,Berea,2026-06-01,54,43,0.808,8,0.201,33.8
ADV-063,Namibia,Windhoek,2026-01-01,48,34,0.721,6,0.192,60.9
ADV-063,Namibia,Windhoek,2026-02-01,75,55,0.745,9,0.173,13.4
ADV-063,Namibia,Windhoek,2026-03-01,33,23,0.717,4,0.191,51.7
ADV-063,Namibia,Windhoek,2026-04-01,29,20,0.694,3,0.168,20.9
ADV-063,Namibia,Windhoek,2026-05-01,45,33,0.739,6,0.194,1.1
ADV-063,Namibia,Windhoek,2026-06-01,44,33,0.753,6,0.21,20.5
ADV-064,South Africa,KwaZulu-Natal,2026-01-01,46,32,0.699,10,0.333,39.1
ADV-064,South Africa,KwaZulu-Natal,2026-02-01,76,48,0.641,14,0.306,40.0
ADV-064,South Africa,KwaZulu-Natal,2026-03-01,16,12,0.751,3,0.311,23.7
ADV-064,South Africa,KwaZulu-Natal,2026-04-01,27,18,0.693,6,0.36,15.2
ADV-064,South Africa,KwaZulu-Natal,2026-05-01,76,53,0.701,18,0.346,22.8
ADV-064,South Africa,KwaZulu-Natal,2026-06-01,36,23,0.662,7,0.342,35.1
ADV-065,Botswana,Gaborone,2026-01-01,74,43,0.583,12,0.284,43.0
ADV-065,Botswana,Gaborone,2026-02-01,74,40,0.543,10,0.27,23.0
ADV-065,Botswana,Gaborone,2026-03-01,64,36,0.573,9,0.265,30.0
ADV-065,Botswana,Gaborone,2026-04-01,77,41,0.545,10,0.265,50.9
ADV-065,Botswana,Gaborone,2026-05-01,61,31,0.524,8,0.259,23.2
ADV-065,Botswana,Gaborone,2026-06-01,38,19,0.52,5,0.278,23.1
ADV-066,Botswana,Gaborone,2026-01-01,35,30,0.861,5,0.182,44.3
ADV-066,Botswana,Gaborone,2026-02-01,55,48,0.881,8,0.187,35.4
ADV-066,Botswana,Gaborone,2026-03-01,25,22,0.913,4,0.193,45.7
ADV-066,Botswana,Gaborone,2026-04-01,75,64,0.858,10,0.172,44.7
ADV-066,Botswana,Gaborone,2026-05-01,17,16,0.948,3,0.218,39.1
ADV-066,Botswana,Gaborone,2026-06-01,44,42,0.963,7,0.179,30.2
ADV-067,South Africa,Gauteng,2026-01-01,22,15,0.687,4,0.327,51.8
ADV-067,South Africa,Gauteng,2026-02-01,22,14,0.653,4,0.337,30.9
ADV-067,South Africa,Gauteng,2026-03-01,36,25,0.722,9,0.372,24.4
ADV-067,South Africa,Gauteng,2026-04-01,42,27,0.647,8,0.313,18.0
ADV-067,South Africa,Gauteng,2026-05-01,61,39,0.645,13,0.346,10.6
ADV-067,South Africa,Gauteng,2026-06-01,18,12,0.71,4,0.352,42.5
ADV-068,Lesotho,Berea,2026-01-01,40,33,0.835,9,0.28,24.9
ADV-068,Lesotho,Berea,2026-02-01,24,22,0.921,5,0.265,44.1
ADV-068,Lesotho,Berea,2026-03-01,43,35,0.83,9,0.28,32.7
ADV-068,Lesotho,Berea,2026-04-01,73,59,0.821,15,0.271,42.8
ADV-068,Lesotho,Berea,2026-05-01,55,48,0.878,12,0.251,46.2
ADV-068,Lesotho,Berea,2026-06-01,44,36,0.823,9,0.255,25.2
ADV-069,South Africa,KwaZulu-Natal,2026-01-01,26,14,0.559,3,0.273,2.7
ADV-069,South Africa,KwaZulu-Natal,2026-02-01,24,15,0.63,4,0.283,19.9
ADV-069,South Africa,KwaZulu-Natal,2026-03-01,20,11,0.583,3,0.282,46.0
ADV-069,South Africa,KwaZulu-Natal,2026-04-01,74,43,0.587,11,0.262,68.2
ADV-069,South Africa,KwaZulu-Natal,2026-05-01,43,24,0.562,7,0.297,13.5
ADV-069,South Africa,KwaZulu-Natal,2026-06-01,68,41,0.607,12,0.308,35.7
ADV-070,Lesotho,Maseru,2026-01-01,65,42,0.646,5,0.14,23.2
ADV-070,Lesotho,Maseru,2026-02-01,35,20,0.581,2,0.112,30.0
ADV-070,Lesotho,Maseru,2026-03-01,62,38,0.624,5,0.132,25.5
ADV-070,Lesotho,Maseru,2026-04-01,39,23,0.604,2,0.123,32.4
ADV-070,Lesotho,Maseru,2026-05-01,53,33,0.638,3,0.105,16.2
ADV-070,Lesotho,Maseru,2026-06-01,46,28,0.627,3,0.108,36.3
ADV-071,Botswana,Gaborone,2026-01-01,71,55,0.779,14,0.267,19.7
ADV-071,Botswana,Gaborone,2026-02-01,34,27,0.822,7,0.29,21.1
ADV-071,Botswana,Gaborone,2026-03-01,73,60,0.825,18,0.316,28.0
ADV-071,Botswana,Gaborone,2026-04-01,61,49,0.817,14,0.289,55.2
ADV-071,Botswana,Gaborone,2026-05-01,61,49,0.817,15,0.326,30.8
ADV-071,Botswana,Gaborone,2026-06-01,79,65,0.834,18,0.286,46.0
ADV-072,South Africa,KwaZulu-Natal,2026-01-01,29,25,0.874,6,0.263,18.8
ADV-072,South Africa,KwaZulu-Natal,2026-02-01,63,56,0.891,15,0.27,56.7
ADV-072,South Africa,KwaZulu-Natal,2026-03-01,68,56,0.832,15,0.269,45.9
ADV-072,South Africa,KwaZulu-Natal,2026-04-01,79,68,0.862,14,0.207,48.5
ADV-072,South Africa,KwaZulu-Natal,2026-05-01,38,32,0.856,9,0.285,46.4
ADV-072,South Africa,KwaZulu-Natal,2026-06-01,41,35,0.869,10,0.29,1.0
ADV-073,South Africa,KwaZulu-Natal,2026-01-01,61,37,0.621,8,0.24,43.6
ADV-073,South Africa,KwaZulu-Natal,2026-02-01,77,40,0.529,9,0.238,20.5
ADV-073,South Africa,KwaZulu-Natal,2026-03-01,46,26,0.565,6,0.248,2.2
ADV-073,South Africa,KwaZulu-Natal,2026-04-01,77,44,0.576,11,0.257,1.0
ADV-073,South Africa,KwaZulu-Natal,2026-05-01,43,23,0.552,5,0.223,45.3
ADV-073,South Africa,KwaZulu-Natal,2026-06-01,68,36,0.535,8,0.23,29.0
ADV-074,South Africa,Eastern Cape,2026-01-01,58,39,0.686,5,0.141,27.9
ADV-074,South Africa,Eastern Cape,2026-02-01,77,54,0.708,9,0.182,30.9
ADV-074,South Africa,Eastern Cape,2026-03-01,77,52,0.683,9,0.184,21.0
ADV-074,South Africa,Eastern Cape,2026-04-01,73,50,0.688,5,0.104,53.0
ADV-074,South Africa,Eastern Cape,2026-05-01,77,54,0.71,8,0.165,61.0
ADV-074,South Africa,Eastern Cape,2026-06-01,78,51,0.665,7,0.147,9.1
ADV-075,South Africa,Gauteng,2026-01-01,24,18,0.76,5,0.279,23.1
ADV-075,South Africa,Gauteng,2026-02-01,16,12,0.771,3,0.296,23.2
ADV-075,South Africa,Gauteng,2026-03-01,32,25,0.811,7,0.31,36.7
ADV-075,South Africa,Gauteng,2026-04-01,15,11,0.746,2,0.273,29.3
ADV-075,South Africa,Gauteng,2026-05-01,60,48,0.812,13,0.285,42.3
ADV-075,South Africa,Gauteng,2026-06-01,28,21,0.776,6,0.295,19.5
ADV-076,South Africa,Western Cape,2026-01-01,18,9,0.525,2,0.241,36.0
ADV-076,South Africa,Western Cape,2026-02-01,42,24,0.594,5,0.246,1.0
ADV-076,South Africa,Western Cape,2026-03-01,59,31,0.539,8,0.279,10.8
ADV-076,South Africa,Western Cape,2026-04-01,72,42,0.596,6,0.165,23.4
ADV-076,South Africa,Western Cape,2026-05-01,49,26,0.548,6,0.249,20.7
ADV-076,South Africa,Western Cape,2026-06-01,15,8,0.54,1,0.208,45.4
ADV-077,South Africa,Gauteng,2026-01-01,42,32,0.785,5,0.164,2.8
ADV-077,South Africa,Gauteng,2026-02-01,29,24,0.846,3,0.145,45.8
ADV-077,South Africa,Gauteng,2026-03-01,79,61,0.775,8,0.139,40.7
ADV-077,South Africa,Gauteng,2026-04-01,37,30,0.826,5,0.181,16.7
ADV-077,South Africa,Gauteng,2026-05-01,53,40,0.77,5,0.131,43.8
ADV-077,South Africa,Gauteng,2026-06-01,15,10,0.726,0,0.094,49.8
ADV-078,South Africa,Western Cape,2026-01-01,21,12,0.609,4,0.337,41.5
ADV-078,South Africa,Western Cape,2026-02-01,56,33,0.603,10,0.326,31.8
ADV-078,South Africa,Western Cape,2026-03-01,51,30,0.595,8,0.295,43.3
ADV-078,South Africa,Western Cape,2026-04-01,60,35,0.591,12,0.362,42.7
ADV-078,South Africa,Western Cape,2026-05-01,62,36,0.59,12,0.354,14.3
ADV-078,South Africa,Western Cape,2026-06-01,76,45,0.6,16,0.367,33.1
ADV-079,Lesotho,Maseru,2026-01-01,53,44,0.833,9,0.219,20.6
ADV-079,Lesotho,Maseru,2026-02-01,53,43,0.819,10,0.254,35.3
ADV-079,Lesotho,Maseru,2026-03-01,16,13,0.845,3,0.24,8.7
ADV-079,Lesotho,Maseru,2026-04-01,75,61,0.818,14,0.245,21.4
ADV-079,Lesotho,Maseru,2026-05-01,38,31,0.833,7,0.238,19.4
ADV-079,Lesotho,Maseru,2026-06-01,70,53,0.764,11,0.212,32.0
ADV-080,South Africa,Western Cape,2026-01-01,21,18,0.87,4,0.257,50.5
ADV-080,South Africa,Western Cape,2026-02-01,62,54,0.876,15,0.294,9.1
ADV-080,South Africa,Western Cape,2026-03-01,35,33,0.964,9,0.296,32.8
ADV-080,South Africa,Western Cape,2026-04-01,17,15,0.911,4,0.294,60.1
ADV-080,South Africa,Western Cape,2026-05-01,30,27,0.905,7,0.286,61.0
ADV-080,South Africa,Western Cape,2026-06-01,45,39,0.876,12,0.309,27.9
ADV-081,Namibia,Windhoek,2026-01-01,51,40,0.79,11,0.294,30.4
ADV-081,Namibia,Windhoek,2026-02-01,19,16,0.858,4,0.305,33.2
ADV-081,Namibia,Windhoek,2026-03-01,29,25,0.871,8,0.329,1.0
ADV-081,Namibia,Windhoek,2026-04-01,72,62,0.875,18,0.29,36.8
ADV-081,Namibia,Windhoek,2026-05-01,73,59,0.812,16,0.278,37.1
ADV-081,Namibia,Windhoek,2026-06-01,30,26,0.88,7,0.282,55.9
ADV-082,South Africa,Eastern Cape,2026-01-01,35,28,0.821,3,0.138,32.1
ADV-082,South Africa,Eastern Cape,2026-02-01,29,24,0.857,4,0.181,19.1
ADV-082,South Africa,Eastern Cape,2026-03-01,76,63,0.838,11,0.188,36.1
ADV-082,South Africa,Eastern Cape,2026-04-01,75,58,0.783,7,0.128,42.8
ADV-082,South Africa,Eastern Cape,2026-05-01,21,15,0.761,2,0.144,42.2
ADV-082,South Africa,Eastern Cape,2026-06-01,48,38,0.811,5,0.149,31.3
ADV-083,Namibia,Windhoek,2026-01-01,79,65,0.833,8,0.134,39.3
ADV-083,Namibia,Windhoek,2026-02-01,40,33,0.836,3,0.112,61.3
ADV-083,Namibia,Windhoek,2026-03-01,48,37,0.789,3,0.098,34.1
ADV-083,Namibia,Windhoek,2026-04-01,62,46,0.753,5,0.118,27.9
ADV-083,Namibia,Windhoek,2026-05-01,33,26,0.818,2,0.115,28.3
ADV-083,Namibia,Windhoek,2026-06-01,63,46,0.738,6,0.138,39.7
ADV-084,Lesotho,Berea,2026-01-01,40,30,0.765,9,0.311,56.6
ADV-084,Lesotho,Berea,2026-02-01,27,20,0.748,6,0.307,51.8
ADV-084,Lesotho,Berea,2026-03-01,36,26,0.731,7,0.307,47.1
ADV-084,Lesotho,Berea,2026-04-01,16,10,0.686,3,0.302,29.5
ADV-084,Lesotho,Berea,2026-05-01,22,16,0.773,5,0.322,12.7
ADV-084,Lesotho,Berea,2026-06-01,56,44,0.788,14,0.335,1.0
ADV-085,Namibia,Swakopmund,2026-01-01,45,37,0.832,6,0.183,75.7
ADV-085,Namibia,Swakopmund,2026-02-01,17,14,0.827,2,0.212,55.5
ADV-085,Namibia,Swakopmund,2026-03-01,62,50,0.813,7,0.145,51.7
ADV-085,Namibia,Swakopmund,2026-04-01,51,43,0.846,5,0.136,38.9
ADV-085,Namibia,Swakopmund,2026-05-01,67,47,0.702,5,0.115,70.4
ADV-085,Namibia,Swakopmund,2026-06-01,62,41,0.667,3,0.09,53.9
ADV-086,South Africa,KwaZulu-Natal,2026-01-01,56,44,0.797,8,0.197,49.9
ADV-086,South Africa,KwaZulu-Natal,2026-02-01,19,14,0.773,2,0.189,12.8
ADV-086,South Africa,KwaZulu-Natal,2026-03-01,32,24,0.776,4,0.175,36.1
ADV-086,South Africa,KwaZulu-Natal,2026-04-01,53,38,0.724,5,0.133,42.9
ADV-086,South Africa,KwaZulu-Natal,2026-05-01,44,34,0.784,5,0.158,34.7
ADV-086,South Africa,KwaZulu-Natal,2026-06-01,44,33,0.753,7,0.23,1.0
ADV-087,South Africa,Gauteng,2026-01-01,71,42,0.598,6,0.166,4.0
ADV-087,South Africa,Gauteng,2026-02-01,56,32,0.584,7,0.219,46.0
ADV-087,South Africa,Gauteng,2026-03-01,55,34,0.623,7,0.218,61.4
ADV-087,South Africa,Gauteng,2026-04-01,49,32,0.653,7,0.226,38.8
ADV-087,South Africa,Gauteng,2026-05-01,46,26,0.583,5,0.195,35.1
ADV-087,South Africa,Gauteng,2026-06-01,52,28,0.556,4,0.173,24.0
ADV-088,South Africa,Eastern Cape,2026-01-01,20,17,0.872,5,0.301,31.3
ADV-088,South Africa,Eastern Cape,2026-02-01,20,17,0.854,5,0.34,26.7
ADV-088,South Africa,Eastern Cape,2026-03-01,54,49,0.908,14,0.299,36.9
ADV-088,South Africa,Eastern Cape,2026-04-01,24,21,0.905,6,0.327,34.2
ADV-088,South Africa,Eastern Cape,2026-05-01,51,44,0.876,14,0.331,7.2
ADV-088,South Africa,Eastern Cape,2026-06-01,41,36,0.889,12,0.345,24.0
ADV-089,South Africa,Western Cape,2026-01-01,32,25,0.812,5,0.235,17.9
ADV-089,South Africa,Western Cape,2026-02-01,47,35,0.766,7,0.201,23.0
ADV-089,South Africa,Western Cape,2026-03-01,59,47,0.802,10,0.215,48.4
ADV-089,South Africa,Western Cape,2026-04-01,50,38,0.774,8,0.219,41.5
ADV-089,South Africa,Western Cape,2026-05-01,52,42,0.816,9,0.23,55.6
ADV-089,South Africa,Western Cape,2026-06-01,46,33,0.728,7,0.215,22.8
ADV-090,Botswana,Francistown,2026-01-01,65,45,0.693,3,0.076,41.2
ADV-090,Botswana,Francistown,2026-02-01,73,42,0.588,5,0.121,42.2
ADV-090,Botswana,Francistown,2026-03-01,51,34,0.672,3,0.114,32.2
ADV-090,Botswana,Francistown,2026-04-01,16,10,0.665,1,0.166,1.0
ADV-090,Botswana,Francistown,2026-05-01,17,11,0.653,1,0.112,37.4
ADV-090,Botswana,Francistown,2026-06-01,24,15,0.638,2,0.152,9.0
ADV-091,Botswana,Francistown,2026-01-01,77,57,0.748,18,0.32,1.0
ADV-091,Botswana,Francistown,2026-02-01,26,21,0.836,6,0.329,11.8
ADV-091,Botswana,Francistown,2026-03-01,68,56,0.828,19,0.346,31.3
ADV-091,Botswana,Francistown,2026-04-01,67,50,0.751,16,0.34,49.0
ADV-091,Botswana,Francistown,2026-05-01,67,51,0.766,14,0.276,42.3
ADV-091,Botswana,Francistown,2026-06-01,25,20,0.812,6,0.341,15.0
ADV-092,Botswana,Gaborone,2026-01-01,73,56,0.779,12,0.23,46.7
ADV-092,Botswana,Gaborone,2026-02-01,53,45,0.857,10,0.241,4.6
ADV-092,Botswana,Gaborone,2026-03-01,18,14,0.82,2,0.171,30.8
ADV-092,Botswana,Gaborone,2026-04-01,25,20,0.818,4,0.244,16.2
ADV-092,Botswana,Gaborone,2026-05-01,31,26,0.845,7,0.284,39.2
ADV-092,Botswana,Gaborone,2026-06-01,33,27,0.82,6,0.258,40.9
ADV-093,Botswana,Francistown,2026-01-01,18,15,0.86,4,0.284,30.2
ADV-093,Botswana,Francistown,2026-02-01,52,45,0.878,10,0.242,20.6
ADV-093,Botswana,Francistown,2026-03-01,60,54,0.914,15,0.288,33.6
ADV-093,Botswana,Francistown,2026-04-01,70,60,0.858,15,0.251,54.9
ADV-093,Botswana,Francistown,2026-05-01,79,68,0.868,20,0.297,54.3
ADV-093,Botswana,Francistown,2026-06-01,30,26,0.873,7,0.286,37.4
ADV-094,South Africa,Eastern Cape,2026-01-01,38,28,0.755,5,0.213,33.7
ADV-094,South Africa,Eastern Cape,2026-02-01,18,13,0.745,2,0.196,27.5
ADV-094,South Africa,Eastern Cape,2026-03-01,40,29,0.739,7,0.244,32.5
ADV-094,South Africa,Eastern Cape,2026-04-01,61,46,0.767,10,0.217,45.2
ADV-094,South Africa,Eastern Cape,2026-05-01,77,55,0.715,12,0.221,24.9
ADV-094,South Africa,Eastern Cape,2026-06-01,73,51,0.7,9,0.19,48.8
ADV-095,South Africa,Western Cape,2026-01-01,46,33,0.726,10,0.304,33.9
ADV-095,South Africa,Western Cape,2026-02-01,76,50,0.669,14,0.28,58.5
ADV-095,South Africa,Western Cape,2026-03-01,51,37,0.727,11,0.311,27.6
ADV-095,South Africa,Western Cape,2026-04-01,21,14,0.691,4,0.334,43.3
ADV-095,South Africa,Western Cape,2026-05-01,74,54,0.73,16,0.305,20.9
ADV-095,South Africa,Western Cape,2026-06-01,20,14,0.715,4,0.33,49.4
ADV-096,South Africa,Gauteng,2026-01-01,74,55,0.745,14,0.265,38.5
ADV-096,South Africa,Gauteng,2026-02-01,46,33,0.739,9,0.286,41.4
ADV-096,South Africa,Gauteng,2026-03-01,69,48,0.709,13,0.286,1.0
ADV-096,South Africa,Gauteng,2026-04-01,26,18,0.693,5,0.28,47.8
ADV-096,South Africa,Gauteng,2026-05-01,63,43,0.698,10,0.255,50.1
ADV-096,South Africa,Gauteng,2026-06-01,28,18,0.659,5,0.306,38.7
ADV-097,Lesotho,Maseru,2026-01-01,17,13,0.808,2,0.16,23.2
ADV-097,Lesotho,Maseru,2026-02-01,69,62,0.912,10,0.177,24.1
ADV-097,Lesotho,Maseru,2026-03-01,37,31,0.848,3,0.126,22.8
ADV-097,Lesotho,Maseru,2026-04-01,42,35,0.834,4,0.134,46.1
ADV-097,Lesotho,Maseru,2026-05-01,40,35,0.884,4,0.118,63.5
ADV-097,Lesotho,Maseru,2026-06-01,52,43,0.845,4,0.1,56.2
ADV-098,South Africa,Gauteng,2026-01-01,53,44,0.845,14,0.319,34.2
ADV-098,South Africa,Gauteng,2026-02-01,55,47,0.856,16,0.341,24.9
ADV-098,South Africa,Gauteng,2026-03-01,46,37,0.823,11,0.305,37.7
ADV-098,South Africa,Gauteng,2026-04-01,32,28,0.884,8,0.311,12.2
ADV-098,South Africa,Gauteng,2026-05-01,54,47,0.879,14,0.303,29.3
ADV-098,South Africa,Gauteng,2026-06-01,74,62,0.849,18,0.302,35.9
ADV-099,South Africa,Western Cape,2026-01-01,40,37,0.937,8,0.22,19.7
ADV-099,South Africa,Western Cape,2026-02-01,20,18,0.914,3,0.214,13.4
ADV-099,South Africa,Western Cape,2026-03-01,24,20,0.871,4,0.2,11.0
ADV-099,South Africa,Western Cape,2026-04-01,75,64,0.857,13,0.21,22.1
ADV-099,South Africa,Western Cape,2026-05-01,23,18,0.825,4,0.236,22.8
ADV-099,South Africa,Western Cape,2026-06-01,39,32,0.833,6,0.213,33.4
ADV-100,Lesotho,Maseru,2026-01-01,50,28,0.571,5,0.185,44.2
ADV-100,Lesotho,Maseru,2026-02-01,36,19,0.548,4,0.236,57.4
ADV-100,Lesotho,Maseru,2026-03-01,52,33,0.636,7,0.221,1.0
ADV-100,Lesotho,Maseru,2026-04-01,18,11,0.641,2,0.242,39.3
ADV-100,Lesotho,Maseru,2026-05-01,68,42,0.62,8,0.205,1.0
ADV-100,Lesotho,Maseru,2026-06-01,37,24,0.674,4,0.195,66.4
ADV-101,South Africa,KwaZulu-Natal,2026-01-01,75,39,0.529,12,0.326,55.7
ADV-101,South Africa,KwaZulu-Natal,2026-02-01,37,21,0.576,7,0.349,32.8
ADV-101,South Africa,KwaZulu-Natal,2026-03-01,54,32,0.598,12,0.386,37.8
ADV-101,South Africa,KwaZulu-Natal,2026-04-01,47,26,0.554,8,0.329,45.8
ADV-101,South Africa,KwaZulu-Natal,2026-05-01,39,21,0.552,7,0.345,46.5
ADV-101,South Africa,KwaZulu-Natal,2026-06-01,75,47,0.632,15,0.339,31.7
ADV-102,Botswana,Francistown,2026-01-01,39,27,0.706,6,0.223,55.2
ADV-102,Botswana,Francistown,2026-02-01,57,43,0.762,8,0.207,28.7
ADV-102,Botswana,Francistown,2026-03-01,66,48,0.737,11,0.237,51.2
ADV-102,Botswana,Francistown,2026-04-01,45,30,0.667,7,0.253,34.3
ADV-102,Botswana,Francistown,2026-05-01,75,52,0.701,12,0.24,1.0
ADV-102,Botswana,Francistown,2026-06-01,77,57,0.741,11,0.195,1.0
ADV-103,Lesotho,Berea,2026-01-01,75,59,0.797,13,0.236,44.4
ADV-103,Lesotho,Berea,2026-02-01,64,48,0.758,11,0.236,5.7
ADV-103,Lesotho,Berea,2026-03-01,75,51,0.691,12,0.242,27.9
ADV-103,Lesotho,Berea,2026-04-01,59,46,0.792,10,0.238,81.5
ADV-103,Lesotho,Berea,2026-05-01,50,38,0.768,9,0.242,24.4
ADV-103,Lesotho,Berea,2026-06-01,69,53,0.771,14,0.271,8.7
ADV-104,Botswana,Francistown,2026-01-01,53,35,0.678,10,0.312,35.0
ADV-104,Botswana,Francistown,2026-02-01,18,12,0.669,3,0.301,35.7
ADV-104,Botswana,Francistown,2026-03-01,20,13,0.699,4,0.32,19.3
ADV-104,Botswana,Francistown,2026-04-01,55,36,0.662,9,0.27,16.2
ADV-104,Botswana,Francistown,2026-05-01,65,41,0.636,12,0.304,50.5
ADV-104,Botswana,Francistown,2026-06-01,29,17,0.618,4,0.289,48.9
ADV-105,South Africa,Western Cape,2026-01-01,44,30,0.688,6,0.219,27.4
ADV-105,South Africa,Western Cape,2026-02-01,39,25,0.652,4,0.198,37.4
ADV-105,South Africa,Western Cape,2026-03-01,31,20,0.648,3,0.193,20.4
ADV-105,South Africa,Western Cape,2026-04-01,21,15,0.727,3,0.233,40.5
ADV-105,South Africa,Western Cape,2026-05-01,76,52,0.686,11,0.226,60.4
ADV-105,South Africa,Western Cape,2026-06-01,44,31,0.716,6,0.197,51.1
ADV-106,South Africa,KwaZulu-Natal,2026-01-01,59,56,0.955,8,0.152,52.0
ADV-106,South Africa,KwaZulu-Natal,2026-02-01,41,36,0.897,4,0.125,41.9
ADV-106,South Africa,KwaZulu-Natal,2026-03-01,50,44,0.894,6,0.153,40.0
ADV-106,South Africa,KwaZulu-Natal,2026-04-01,45,39,0.873,4,0.114,13.9
ADV-106,South Africa,KwaZulu-Natal,2026-05-01,31,26,0.839,3,0.121,12.9
ADV-106,South Africa,KwaZulu-Natal,2026-06-01,16,14,0.901,2,0.162,29.4
ADV-107,Lesotho,Maseru,2026-01-01,69,51,0.753,6,0.124,44.7
ADV-107,Lesotho,Maseru,2026-02-01,36,28,0.804,3,0.117,10.5
ADV-107,Lesotho,Maseru,2026-03-01,50,40,0.801,6,0.157,28.9
ADV-107,Lesotho,Maseru,2026-04-01,29,22,0.778,2,0.112,24.9
ADV-107,Lesotho,Maseru,2026-05-01,62,49,0.796,6,0.129,56.2
ADV-107,Lesotho,Maseru,2026-06-01,70,57,0.82,7,0.125,51.8
ADV-108,Lesotho,Berea,2026-01-01,52,37,0.726,9,0.269,41.6
ADV-108,Lesotho,Berea,2026-02-01,56,40,0.726,10,0.272,28.0
ADV-108,Lesotho,Berea,2026-03-01,50,39,0.784,10,0.281,21.5
ADV-108,Lesotho,Berea,2026-04-01,27,19,0.72,5,0.286,55.5
ADV-108,Lesotho,Berea,2026-05-01,62,47,0.774,14,0.314,24.8
ADV-108,Lesotho,Berea,2026-06-01,21,16,0.803,4,0.277,35.3
ADV-109,South Africa,Gauteng,2026-01-01,43,25,0.598,6,0.268,28.8
ADV-109,South Africa,Gauteng,2026-02-01,61,38,0.637,12,0.319,44.5
ADV-109,South Africa,Gauteng,2026-03-01,23,15,0.669,4,0.307,8.3
ADV-109,South Africa,Gauteng,2026-04-01,38,25,0.66,7,0.281,44.8
ADV-109,South Africa,Gauteng,2026-05-01,35,22,0.629,6,0.276,48.0
ADV-109,South Africa,Gauteng,2026-06-01,55,35,0.639,10,0.306,28.9
ADV-110,South Africa,KwaZulu-Natal,2026-01-01,37,28,0.777,6,0.215,24.1
ADV-110,South Africa,KwaZulu-Natal,2026-02-01,70,59,0.847,16,0.272,57.8
ADV-110,South Africa,KwaZulu-Natal,2026-03-01,70,58,0.836,16,0.287,23.9
ADV-110,South Africa,KwaZulu-Natal,2026-04-01,71,55,0.777,17,0.319,31.6
ADV-110,South Africa,KwaZulu-Natal,2026-05-01,16,13,0.856,3,0.278,15.3
ADV-110,South Africa,KwaZulu-Natal,2026-06-01,16,13,0.84,2,0.229,57.4
ADV-111,South Africa,Gauteng,2026-01-01,36,24,0.668,6,0.268,31.6
ADV-111,South Africa,Gauteng,2026-02-01,44,27,0.629,7,0.282,11.8
ADV-111,South Africa,Gauteng,2026-03-01,60,37,0.63,10,0.281,16.7
ADV-111,South Africa,Gauteng,2026-04-01,21,13,0.657,4,0.322,47.9
ADV-111,South Africa,Gauteng,2026-05-01,60,38,0.649,7,0.209,30.2
ADV-111,South Africa,Gauteng,2026-06-01,76,49,0.647,14,0.29,11.6
ADV-112,South Africa,Gauteng,2026-01-01,76,54,0.718,17,0.327,36.8
ADV-112,South Africa,Gauteng,2026-02-01,17,12,0.722,4,0.355,50.0
ADV-112,South Africa,Gauteng,2026-03-01,34,23,0.701,7,0.317,16.5
ADV-112,South Africa,Gauteng,2026-04-01,26,18,0.696,5,0.292,39.7
ADV-112,South Africa,Gauteng,2026-05-01,15,10,0.73,3,0.333,46.0
ADV-112,South Africa,Gauteng,2026-06-01,58,42,0.732,14,0.354,27.6
ADV-113,Botswana,Francistown,2026-01-01,59,52,0.898,17,0.331,38.9
ADV-113,Botswana,Francistown,2026-02-01,30,28,0.954,9,0.333,28.1
ADV-113,Botswana,Francistown,2026-03-01,67,60,0.908,20,0.335,13.9
ADV-113,Botswana,Francistown,2026-04-01,44,40,0.928,13,0.334,36.6
ADV-113,Botswana,Francistown,2026-05-01,63,53,0.85,17,0.325,51.1
ADV-113,Botswana,Francistown,2026-06-01,33,30,0.937,11,0.371,1.0
ADV-114,South Africa,KwaZulu-Natal,2026-01-01,43,36,0.858,7,0.219,24.1
ADV-114,South Africa,KwaZulu-Natal,2026-02-01,17,14,0.83,2,0.166,34.6
ADV-114,South Africa,KwaZulu-Natal,2026-03-01,54,45,0.84,9,0.205,23.5
ADV-114,South Africa,KwaZulu-Natal,2026-04-01,26,21,0.838,3,0.145,47.6
ADV-114,South Africa,KwaZulu-Natal,2026-05-01,35,30,0.869,4,0.157,56.5
ADV-114,South Africa,KwaZulu-Natal,2026-06-01,52,44,0.853,8,0.202,48.5
ADV-115,South Africa,Gauteng,2026-01-01,69,59,0.855,6,0.102,29.3
ADV-115,South Africa,Gauteng,2026-02-01,53,47,0.905,6,0.131,28.4
ADV-115,South Africa,Gauteng,2026-03-01,50,40,0.818,4,0.107,17.1
ADV-115,South Africa,Gauteng,2026-04-01,38,33,0.873,4,0.129,40.0
ADV-115,South Africa,Gauteng,2026-05-01,61,56,0.932,7,0.141,35.8
ADV-115,South Africa,Gauteng,2026-06-01,34,29,0.855,3,0.119,28.1
ADV-116,South Africa,Eastern Cape,2026-01-01,77,63,0.829,15,0.242,45.7
ADV-116,South Africa,Eastern Cape,2026-02-01,78,64,0.833,16,0.265,21.2
ADV-116,South Africa,Eastern Cape,2026-03-01,39,34,0.875,8,0.254,24.3
ADV-116,South Africa,Eastern Cape,2026-04-01,57,47,0.834,10,0.232,18.8
ADV-116,South Africa,Eastern Cape,2026-05-01,59,50,0.863,12,0.256,55.0
ADV-116,South Africa,Eastern Cape,2026-06-01,52,43,0.833,9,0.232,55.1
ADV-117,Botswana,Francistown,2026-01-01,46,28,0.62,7,0.279,53.2
ADV-117,Botswana,Francistown,2026-02-01,67,41,0.623,12,0.299,37.9
ADV-117,Botswana,Francistown,2026-03-01,56,36,0.656,9,0.251,22.0
ADV-117,Botswana,Francistown,2026-04-01,67,42,0.631,10,0.25,39.2
ADV-117,Botswana,Francistown,2026-05-01,60,33,0.56,8,0.271,44.6
ADV-117,Botswana,Francistown,2026-06-01,55,33,0.617,8,0.264,11.8
ADV-118,Lesotho,Maseru,2026-01-01,67,37,0.552,7,0.193,18.8
ADV-118,Lesotho,Maseru,2026-02-01,17,11,0.695,2,0.215,18.3
ADV-118,Lesotho,Maseru,2026-03-01,59,35,0.609,5,0.163,25.3
ADV-118,Lesotho,Maseru,2026-04-01,47,28,0.602,6,0.217,56.1
ADV-118,Lesotho,Maseru,2026-05-01,76,48,0.645,10,0.215,13.1
ADV-118,Lesotho,Maseru,2026-06-01,73,43,0.599,6,0.161,24.1
ADV-119,South Africa,Eastern Cape,2026-01-01,22,18,0.818,4,0.251,8.6
ADV-119,South Africa,Eastern Cape,2026-02-01,74,53,0.72,14,0.282,35.4
ADV-119,South Africa,Eastern Cape,2026-03-01,75,52,0.694,12,0.237,1.0
ADV-119,South Africa,Eastern Cape,2026-04-01,17,12,0.752,3,0.272,21.7
ADV-119,South Africa,Eastern Cape,2026-05-01,62,45,0.728,12,0.27,40.3
ADV-119,South Africa,Eastern Cape,2026-06-01,41,26,0.649,6,0.242,1.0
ADV-120,Botswana,Francistown,2026-01-01,51,26,0.525,7,0.304,55.8
ADV-120,Botswana,Francistown,2026-02-01,68,35,0.521,10,0.29,68.5
ADV-120,Botswana,Francistown,2026-03-01,21,13,0.624,3,0.3,52.9
ADV-120,Botswana,Francistown,2026-04-01,70,40,0.58,11,0.286,35.7
ADV-120,Botswana,Francistown,2026-05-01,26,16,0.616,4,0.291,25.0
ADV-120,Botswana,Francistown,2026-06-01,15,8,0.565,2,0.308,11.9
ADV-121,South Africa,Gauteng,2026-01-01,55,35,0.654,7,0.207,28.0
ADV-121,South Africa,Gauteng,2026-02-01,15,11,0.739,2,0.218,1.0
ADV-121,South Africa,Gauteng,2026-03-01,48,31,0.659,5,0.184,1.2
ADV-121,South Africa,Gauteng,2026-04-01,44,31,0.726,6,0.211,53.3
ADV-121,South Africa,Gauteng,2026-05-01,45,33,0.734,6,0.205,41.3
ADV-121,South Africa,Gauteng,2026-06-01,49,33,0.679,5,0.171,21.9
ADV-122,Namibia,Swakopmund,2026-01-01,38,25,0.669,3,0.16,45.2
ADV-122,Namibia,Swakopmund,2026-02-01,77,50,0.651,9,0.181,32.5
ADV-122,Namibia,Swakopmund,2026-03-01,31,19,0.637,3,0.171,62.8
ADV-122,Namibia,Swakopmund,2026-04-01,23,13,0.591,1,0.15,66.2
ADV-122,Namibia,Swakopmund,2026-05-01,23,14,0.61,1,0.1,55.3
ADV-122,Namibia,Swakopmund,2026-06-01,34,19,0.576,1,0.089,47.3
ADV-123,Namibia,Windhoek,2026-01-01,24,16,0.679,2,0.174,29.9
ADV-123,Namibia,Windhoek,2026-02-01,47,33,0.714,7,0.216,42.2
ADV-123,Namibia,Windhoek,2026-03-01,38,27,0.719,5,0.189,20.3
ADV-123,Namibia,Windhoek,2026-04-01,52,36,0.706,6,0.194,27.0
ADV-123,Namibia,Windhoek,2026-05-01,49,32,0.654,6,0.203,57.3
ADV-123,Namibia,Windhoek,2026-06-01,67,46,0.69,9,0.216,18.4
ADV-124,Namibia,Windhoek,2026-01-01,56,48,0.86,9,0.201,47.6
ADV-124,Namibia,Windhoek,2026-02-01,61,54,0.89,8,0.15,14.1
ADV-124,Namibia,Windhoek,2026-03-01,65,58,0.908,10,0.174,24.3
ADV-124,Namibia,Windhoek,2026-04-01,38,33,0.885,4,0.145,38.8
ADV-124,Namibia,Windhoek,2026-05-01,65,54,0.832,7,0.134,51.7
ADV-124,Namibia,Windhoek,2026-06-01,31,23,0.761,3,0.145,35.3
ADV-125,Lesotho,Berea,2026-01-01,74,55,0.755,12,0.23,42.7
ADV-125,Lesotho,Berea,2026-02-01,75,58,0.778,15,0.259,13.7
ADV-125,Lesotho,Berea,2026-03-01,78,60,0.772,13,0.228,50.5
ADV-125,Lesotho,Berea,2026-04-01,79,56,0.72,12,0.229,54.5
ADV-125,Lesotho,Berea,2026-05-01,21,15,0.737,3,0.243,35.5
ADV-125,Lesotho,Berea,2026-06-01,22,18,0.819,4,0.258,31.7
ADV-126,South Africa,Western Cape,2026-01-01,72,40,0.562,12,0.305,9.2
ADV-126,South Africa,Western Cape,2026-02-01,62,39,0.643,13,0.335,32.9
ADV-126,South Africa,Western Cape,2026-03-01,36,21,0.602,6,0.309,25.9
ADV-126,South Africa,Western Cape,2026-04-01,29,15,0.536,4,0.309,39.9
ADV-126,South Africa,Western Cape,2026-05-01,70,41,0.59,14,0.354,28.2
ADV-126,South Africa,Western Cape,2026-06-01,34,18,0.537,4,0.274,1.3
ADV-127,South Africa,Eastern Cape,2026-01-01,26,15,0.587,4,0.278,32.7
ADV-127,South Africa,Eastern Cape,2026-02-01,26,17,0.667,5,0.318,28.4
ADV-127,South Africa,Eastern Cape,2026-03-01,33,17,0.534,4,0.265,33.9
ADV-127,South Africa,Eastern Cape,2026-04-01,74,48,0.649,15,0.33,8.1
ADV-127,South Africa,Eastern Cape,2026-05-01,43,23,0.537,6,0.289,20.5
ADV-127,South Africa,Eastern Cape,2026-06-01,15,9,0.629,2,0.297,30.2
ADV-128,South Africa,Gauteng,2026-01-01,38,26,0.704,8,0.32,65.9
ADV-128,South Africa,Gauteng,2026-02-01,72,52,0.724,16,0.314,36.1
ADV-128,South Africa,Gauteng,2026-03-01,70,50,0.716,16,0.328,15.4
ADV-128,South Africa,Gauteng,2026-04-01,71,50,0.706,14,0.288,25.3
ADV-128,South Africa,Gauteng,2026-05-01,35,25,0.718,7,0.312,46.0
ADV-128,South Africa,Gauteng,2026-06-01,70,51,0.731,15,0.305,4.7
ADV-129,Lesotho,Maseru,2026-01-01,29,15,0.546,4,0.302,16.3
ADV-129,Lesotho,Maseru,2026-02-01,44,27,0.628,8,0.304,20.3
ADV-129,Lesotho,Maseru,2026-03-01,31,18,0.586,4,0.276,30.8
ADV-129,Lesotho,Maseru,2026-04-01,45,26,0.579,6,0.256,7.8
ADV-129,Lesotho,Maseru,2026-05-01,26,15,0.612,4,0.281,31.6
ADV-129,Lesotho,Maseru,2026-06-01,26,14,0.563,4,0.312,25.0
ADV-130,Lesotho,Maseru,2026-01-01,58,45,0.779,10,0.244,55.0
ADV-130,Lesotho,Maseru,2026-02-01,15,11,0.794,3,0.327,26.2
ADV-130,Lesotho,Maseru,2026-03-01,26,19,0.744,6,0.323,1.0
ADV-130,Lesotho,Maseru,2026-04-01,38,28,0.744,8,0.286,31.0
ADV-130,Lesotho,Maseru,2026-05-01,70,53,0.767,16,0.318,38.9
ADV-130,Lesotho,Maseru,2026-06-01,50,40,0.806,11,0.282,12.8
ADV-131,South Africa,Eastern Cape,2026-01-01,50,37,0.743,7,0.202,19.9
ADV-131,South Africa,Eastern Cape,2026-02-01,51,39,0.779,7,0.197,47.4
ADV-131,South Africa,Eastern Cape,2026-03-01,70,48,0.691,10,0.221,33.4
ADV-131,South Africa,Eastern Cape,2026-04-01,36,24,0.674,4,0.195,23.5
ADV-131,South Africa,Eastern Cape,2026-05-01,49,35,0.734,6,0.179,29.5
ADV-131,South Africa,Eastern Cape,2026-06-01,58,40,0.707,7,0.185,48.6
ADV-132,Botswana,Francistown,2026-01-01,61,42,0.703,13,0.318,58.4
ADV-132,Botswana,Francistown,2026-02-01,72,47,0.658,15,0.332,39.3
ADV-132,Botswana,Francistown,2026-03-01,38,28,0.738,8,0.31,46.1
ADV-132,Botswana,Francistown,2026-04-01,24,17,0.746,5,0.344,1.0
ADV-132,Botswana,Francistown,2026-05-01,71,51,0.732,16,0.328,49.8
ADV-132,Botswana,Francistown,2026-06-01,45,33,0.751,10,0.321,35.1
ADV-133,South Africa,Gauteng,2026-01-01,69,56,0.813,11,0.201,19.2
ADV-133,South Africa,Gauteng,2026-02-01,16,12,0.773,2,0.244,43.7
ADV-133,South Africa,Gauteng,2026-03-01,69,49,0.714,11,0.237,9.6
ADV-133,South Africa,Gauteng,2026-04-01,39,28,0.733,6,0.235,31.6
ADV-133,South Africa,Gauteng,2026-05-01,43,33,0.785,8,0.258,47.1
ADV-133,South Africa,Gauteng,2026-06-01,23,17,0.764,3,0.22,26.6
ADV-134,South Africa,Western Cape,2026-01-01,15,12,0.817,2,0.226,10.2
ADV-134,South Africa,Western Cape,2026-02-01,49,43,0.885,7,0.167,36.1
ADV-134,South Africa,Western Cape,2026-03-01,18,16,0.905,3,0.189,38.5
ADV-134,South Africa,Western Cape,2026-04-01,26,23,0.905,4,0.201,18.3
ADV-134,South Africa,Western Cape,2026-05-01,32,28,0.892,5,0.207,58.5
ADV-134,South Africa,Western Cape,2026-06-01,26,21,0.843,4,0.191,32.4
ADV-135,Botswana,Gaborone,2026-01-01,23,18,0.815,3,0.184,46.9
ADV-135,Botswana,Gaborone,2026-02-01,65,54,0.834,10,0.192,37.1
ADV-135,Botswana,Gaborone,2026-03-01,50,41,0.839,9,0.222,26.7
ADV-135,Botswana,Gaborone,2026-04-01,59,51,0.869,11,0.222,52.4
ADV-135,Botswana,Gaborone,2026-05-01,34,27,0.815,4,0.18,40.2
ADV-135,Botswana,Gaborone,2026-06-01,50,42,0.847,7,0.175,1.0
ADV-136,South Africa,Eastern Cape,2026-01-01,53,35,0.665,12,0.35,66.9
ADV-136,South Africa,Eastern Cape,2026-02-01,32,22,0.695,7,0.337,56.2
ADV-136,South Africa,Eastern Cape,2026-03-01,41,27,0.68,8,0.303,28.5
ADV-136,South Africa,Eastern Cape,2026-04-01,23,14,0.633,4,0.306,36.1
ADV-136,South Africa,Eastern Cape,2026-05-01,39,27,0.715,9,0.356,36.6
ADV-136,South Africa,Eastern Cape,2026-06-01,52,35,0.681,10,0.295,25.5
ADV-137,Lesotho,Maseru,2026-01-01,51,43,0.859,7,0.18,36.6
ADV-137,Lesotho,Maseru,2026-02-01,59,52,0.889,10,0.197,34.9
ADV-137,Lesotho,Maseru,2026-03-01,70,62,0.886,13,0.211,23.5
ADV-137,Lesotho,Maseru,2026-04-01,35,30,0.881,4,0.166,23.7
ADV-137,Lesotho,Maseru,2026-05-01,21,17,0.829,3,0.214,20.1
ADV-137,Lesotho,Maseru,2026-06-01,66,61,0.928,11,0.197,21.1
ADV-138,South Africa,Eastern Cape,2026-01-01,70,43,0.618,11,0.259,52.1
ADV-138,South Africa,Eastern Cape,2026-02-01,60,37,0.618,8,0.22,11.4
ADV-138,South Africa,Eastern Cape,2026-03-01,33,21,0.654,5,0.257,43.8
ADV-138,South Africa,Eastern Cape,2026-04-01,72,37,0.516,8,0.234,17.2
ADV-138,South Africa,Eastern Cape,2026-05-01,62,33,0.535,8,0.243,38.3
ADV-138,South Africa,Eastern Cape,2026-06-01,42,26,0.62,6,0.25,33.1
ADV-139,South Africa,Gauteng,2026-01-01,32,21,0.682,3,0.176,1.0
ADV-139,South Africa,Gauteng,2026-02-01,71,40,0.568,7,0.199,17.4
ADV-139,South Africa,Gauteng,2026-03-01,17,10,0.629,1,0.199,35.5
ADV-139,South Africa,Gauteng,2026-04-01,77,46,0.605,6,0.134,22.9
ADV-139,South Africa,Gauteng,2026-05-01,28,18,0.662,4,0.227,19.0
ADV-139,South Africa,Gauteng,2026-06-01,61,39,0.647,7,0.193,32.6
ADV-140,Namibia,Swakopmund,2026-01-01,25,19,0.768,3,0.198,51.8
ADV-140,Namibia,Swakopmund,2026-02-01,25,20,0.828,3,0.2,75.3
ADV-140,Namibia,Swakopmund,2026-03-01,70,57,0.819,10,0.178,79.6
ADV-140,Namibia,Swakopmund,2026-04-01,44,33,0.77,5,0.163,47.0
ADV-140,Namibia,Swakopmund,2026-05-01,29,20,0.716,2,0.135,37.9
ADV-140,Namibia,Swakopmund,2026-06-01,77,57,0.742,5,0.101,57.3
ADV-141,South Africa,Western Cape,2026-01-01,40,32,0.802,9,0.301,11.2
ADV-141,South Africa,Western Cape,2026-02-01,76,64,0.848,20,0.313,1.0
ADV-141,South Africa,Western Cape,2026-03-01,25,20,0.81,7,0.352,3.0
ADV-141,South Africa,Western Cape,2026-04-01,38,31,0.837,9,0.316,18.3
ADV-141,South Africa,Western Cape,2026-05-01,69,55,0.804,17,0.317,25.9
ADV-141,South Africa,Western Cape,2026-06-01,78,64,0.824,21,0.33,14.7
ADV-142,South Africa,Western Cape,2026-01-01,74,57,0.776,10,0.182,30.1
ADV-142,South Africa,Western Cape,2026-02-01,22,16,0.739,3,0.189,37.4
ADV-142,South Africa,Western Cape,2026-03-01,73,57,0.79,10,0.188,51.2
ADV-142,South Africa,Western Cape,2026-04-01,55,44,0.802,9,0.227,48.8
ADV-142,South Africa,Western Cape,2026-05-01,33,25,0.759,5,0.219,72.3
ADV-142,South Africa,Western Cape,2026-06-01,71,60,0.846,14,0.249,15.9
ADV-143,South Africa,Gauteng,2026-01-01,51,46,0.919,13,0.3,44.4
ADV-143,South Africa,Gauteng,2026-02-01,22,21,0.956,7,0.353,40.0
ADV-143,South Africa,Gauteng,2026-03-01,61,56,0.932,18,0.33,41.4
ADV-143,South Africa,Gauteng,2026-04-01,77,73,0.95,24,0.341,3.8
ADV-143,South Africa,Gauteng,2026-05-01,25,22,0.886,6,0.317,25.3
ADV-143,South Africa,Gauteng,2026-06-01,32,27,0.864,9,0.344,26.2
ADV-144,South Africa,KwaZulu-Natal,2026-01-01,16,11,0.721,3,0.327,29.8
ADV-144,South Africa,KwaZulu-Natal,2026-02-01,54,42,0.788,13,0.323,17.4
ADV-144,South Africa,KwaZulu-Natal,2026-03-01,43,30,0.708,10,0.334,25.8
ADV-144,South Africa,KwaZulu-Natal,2026-04-01,72,51,0.721,15,0.303,40.6
ADV-144,South Africa,KwaZulu-Natal,2026-05-01,36,24,0.689,6,0.289,46.4
ADV-144,South Africa,KwaZulu-Natal,2026-06-01,27,17,0.654,5,0.314,43.2
ADV-145,South Africa,Western Cape,2026-01-01,32,28,0.881,5,0.21,44.1
ADV-145,South Africa,Western Cape,2026-02-01,16,13,0.846,2,0.2,42.6
ADV-145,South Africa,Western Cape,2026-03-01,16,14,0.921,2,0.177,13.9
ADV-145,South Africa,Western Cape,2026-04-01,76,66,0.878,13,0.201,55.5
ADV-145,South Africa,Western Cape,2026-05-01,77,69,0.897,12,0.176,29.2
ADV-145,South Africa,Western Cape,2026-06-01,60,54,0.903,11,0.217,25.2
ADV-146,South Africa,KwaZulu-Natal,2026-01-01,68,46,0.688,11,0.256,30.7
ADV-146,South Africa,KwaZulu-Natal,2026-02-01,39,23,0.599,5,0.261,42.1
ADV-146,South Africa,KwaZulu-Natal,2026-03-01,49,30,0.613,7,0.261,59.5
ADV-146,South Africa,KwaZulu-Natal,2026-04-01,32,20,0.625,4,0.224,32.5
ADV-146,South Africa,KwaZulu-Natal,2026-05-01,41,25,0.63,5,0.233,35.6
ADV-146,South Africa,KwaZulu-Natal,2026-06-01,42,27,0.652,6,0.245,10.0
ADV-147,South Africa,Western Cape,2026-01-01,43,27,0.64,7,0.278,14.1
ADV-147,South Africa,Western Cape,2026-02-01,18,11,0.664,3,0.283,42.6
ADV-147,South Africa,Western Cape,2026-03-01,76,47,0.629,14,0.305,36.8
ADV-147,South Africa,Western Cape,2026-04-01,68,45,0.672,14,0.318,1.0
ADV-147,South Africa,Western Cape,2026-05-01,41,26,0.638,7,0.281,23.1
ADV-147,South Africa,Western Cape,2026-06-01,25,16,0.661,5,0.332,8.4
ADV-148,South Africa,Western Cape,2026-01-01,55,37,0.69,8,0.239,42.3
ADV-148,South Africa,Western Cape,2026-02-01,20,14,0.745,3,0.243,59.7
ADV-148,South Africa,Western Cape,2026-03-01,32,22,0.718,5,0.238,1.0
ADV-148,South Africa,Western Cape,2026-04-01,78,56,0.721,13,0.246,29.4
ADV-148,South Africa,Western Cape,2026-05-01,65,46,0.722,12,0.264,33.7
ADV-148,South Africa,Western Cape,2026-06-01,24,18,0.775,4,0.253,1.0
ADV-149,Botswana,Francistown,2026-01-01,52,36,0.705,10,0.287,27.1
ADV-149,Botswana,Francistown,2026-02-01,67,41,0.622,11,0.269,13.7
ADV-149,Botswana,Francistown,2026-03-01,37,24,0.667,6,0.274,37.5
ADV-149,Botswana,Francistown,2026-04-01,16,10,0.65,2,0.246,37.5
ADV-149,Botswana,Francistown,2026-05-01,40,27,0.688,7,0.263,26.4
ADV-149,Botswana,Francistown,2026-06-01,62,43,0.694,11,0.271,25.6
ADV-150,Namibia,Windhoek,2026-01-01,49,31,0.648,8,0.271,59.6
ADV-150,Namibia,Windhoek,2026-02-01,76,48,0.636,13,0.273,40.9
ADV-150,Namibia,Windhoek,2026-03-01,43,28,0.653,8,0.313,50.2
ADV-150,Namibia,Windhoek,2026-04-01,59,42,0.718,12,0.3,26.5
ADV-150,Namibia,Windhoek,2026-05-01,44,28,0.645,8,0.298,27.6
ADV-150,Namibia,Windhoek,2026-06-01,38,24,0.651,7,0.326,39.0
ADV-151,South Africa,Gauteng,2026-01-01,72,50,0.701,5,0.111,28.2
ADV-151,South Africa,Gauteng,2026-02-01,35,22,0.647,2,0.109,18.2
ADV-151,South Africa,Gauteng,2026-03-01,19,13,0.687,1,0.114,19.3
ADV-151,South Africa,Gauteng,2026-04-01,16,9,0.615,1,0.144,16.3
ADV-151,South Africa,Gauteng,2026-05-01,53,36,0.684,3,0.101,30.9
ADV-151,South Africa,Gauteng,2026-06-01,21,14,0.676,2,0.16,40.3
ADV-152,South Africa,Gauteng,2026-01-01,55,41,0.748,7,0.181,38.2
ADV-152,South Africa,Gauteng,2026-02-01,42,29,0.712,6,0.231,34.6
ADV-152,South Africa,Gauteng,2026-03-01,34,25,0.739,4,0.174,13.1
ADV-152,South Africa,Gauteng,2026-04-01,51,38,0.746,7,0.185,21.1
ADV-152,South Africa,Gauteng,2026-05-01,23,16,0.719,3,0.236,49.3
ADV-152,South Africa,Gauteng,2026-06-01,31,23,0.764,4,0.207,39.3
ADV-153,South Africa,KwaZulu-Natal,2026-01-01,78,70,0.907,17,0.248,33.9
ADV-153,South Africa,KwaZulu-Natal,2026-02-01,65,56,0.872,12,0.228,26.9
ADV-153,South Africa,KwaZulu-Natal,2026-03-01,60,51,0.862,13,0.256,19.4
ADV-153,South Africa,KwaZulu-Natal,2026-04-01,21,19,0.905,4,0.229,26.6
ADV-153,South Africa,KwaZulu-Natal,2026-05-01,57,49,0.866,12,0.247,9.8
ADV-153,South Africa,KwaZulu-Natal,2026-06-01,26,22,0.858,4,0.199,26.4
ADV-154,South Africa,Gauteng,2026-01-01,67,51,0.767,6,0.134,21.0
ADV-154,South Africa,Gauteng,2026-02-01,47,38,0.825,7,0.187,37.9
ADV-154,South Africa,Gauteng,2026-03-01,56,49,0.878,10,0.216,9.8
ADV-154,South Africa,Gauteng,2026-04-01,22,18,0.823,3,0.19,43.4
ADV-154,South Africa,Gauteng,2026-05-01,30,27,0.917,5,0.187,21.3
ADV-154,South Africa,Gauteng,2026-06-01,24,21,0.89,4,0.212,25.9
ADV-155,Lesotho,Berea,2026-01-01,30,26,0.893,6,0.234,1.9
ADV-155,Lesotho,Berea,2026-02-01,59,55,0.939,11,0.204,55.4
ADV-155,Lesotho,Berea,2026-03-01,19,17,0.903,4,0.258,1.1
ADV-155,Lesotho,Berea,2026-04-01,37,31,0.855,7,0.245,29.1
ADV-155,Lesotho,Berea,2026-05-01,66,57,0.876,12,0.227,42.0
ADV-155,Lesotho,Berea,2026-06-01,39,35,0.91,8,0.236,1.0
ADV-156,South Africa,Western Cape,2026-01-01,15,10,0.723,2,0.272,36.5
ADV-156,South Africa,Western Cape,2026-02-01,56,40,0.73,10,0.275,16.2
ADV-156,South Africa,Western Cape,2026-03-01,55,42,0.777,10,0.243,36.7
ADV-156,South Africa,Western Cape,2026-04-01,66,48,0.735,11,0.23,23.2
ADV-156,South Africa,Western Cape,2026-05-01,31,22,0.717,5,0.24,28.7
ADV-156,South Africa,Western Cape,2026-06-01,17,12,0.745,2,0.203,12.1
ADV-157,South Africa,Eastern Cape,2026-01-01,51,33,0.653,5,0.18,26.6
ADV-157,South Africa,Eastern Cape,2026-02-01,19,11,0.612,2,0.199,57.0
ADV-157,South Africa,Eastern Cape,2026-03-01,37,26,0.717,5,0.215,49.8
ADV-157,South Africa,Eastern Cape,2026-04-01,56,35,0.627,7,0.226,29.0
ADV-157,South Africa,Eastern Cape,2026-05-01,56,34,0.611,7,0.21,30.5
ADV-157,South Africa,Eastern Cape,2026-06-01,37,24,0.671,4,0.207,31.3
ADV-158,Botswana,Gaborone,2026-01-01,61,41,0.688,9,0.228,2.5
ADV-158,Botswana,Gaborone,2026-02-01,73,47,0.65,9,0.21,29.5
ADV-158,Botswana,Gaborone,2026-03-01,66,46,0.704,11,0.256,1.0
ADV-158,Botswana,Gaborone,2026-04-01,70,48,0.694,12,0.254,57.7
ADV-158,Botswana,Gaborone,2026-05-01,78,49,0.631,12,0.261,38.2
ADV-158,Botswana,Gaborone,2026-06-01,78,52,0.679,13,0.269,15.6
ADV-159,South Africa,Gauteng,2026-01-01,26,23,0.915,4,0.21,29.9
ADV-159,South Africa,Gauteng,2026-02-01,70,63,0.907,14,0.236,20.2
ADV-159,South Africa,Gauteng,2026-03-01,71,62,0.873,12,0.201,24.9
ADV-159,South Africa,Gauteng,2026-04-01,58,52,0.897,10,0.21,2.6
ADV-159,South Africa,Gauteng,2026-05-01,38,36,0.96,8,0.233,45.6
ADV-159,South Africa,Gauteng,2026-06-01,24,21,0.91,4,0.205,15.4
ADV-160,Namibia,Swakopmund,2026-01-01,29,24,0.838,8,0.337,30.9
ADV-160,Namibia,Swakopmund,2026-02-01,41,31,0.771,9,0.315,60.5
ADV-160,Namibia,Swakopmund,2026-03-01,71,52,0.735,12,0.235,46.9
ADV-160,Namibia,Swakopmund,2026-04-01,39,27,0.712,6,0.225,62.1
ADV-160,Namibia,Swakopmund,2026-05-01,67,51,0.761,12,0.24,32.0
ADV-160,Namibia,Swakopmund,2026-06-01,65,44,0.688,9,0.218,53.7
